Trip_ID,Bus_ID,Timestamp,Latitude,Longitude,Scheduled_Arrival,Delay_Minutes
R5A_0001,KA-01-AB-0105,13-11-2025 07:00,12.97,77.59,07:00:00,0
R5A_0001,KA-01-AB-0105,13-11-2025 07:10,12.97249041,77.59254028,07:10:00,0
R5A_0001,KA-01-AB-0105,13-11-2025 07:20,12.97416156,77.59726584,07:20:00,0
R5A_0001,KA-01-AB-0105,13-11-2025 07:34,12.97623699,77.59804839,07:30:00,4
R5A_0001,KA-01-AB-0105,13-11-2025 07:41,12.98728146,77.60276213,07:40:00,1
R5A_0001,KA-01-AB-0105,13-11-2025 07:52,12.97649454,77.61169927,07:50:00,2
R5A_0001,KA-01-AB-0105,13-11-2025 08:23,12.9944568,77.60934213,08:00:00,23
R5A_0001,KA-01-AB-0105,13-11-2025 08:12,13.00167483,77.62065371,08:10:00,2
R7C_0002,KA-01-AB-0101,13-11-2025 07:20,12.97,77.59,07:15:00,5
R7C_0002,KA-01-AB-0101,13-11-2025 07:37,12.97199127,77.59290064,07:25:00,12
R7C_0002,KA-01-AB-0101,13-11-2025 07:38,12.97313094,77.59312318,07:35:00,3
R7C_0002,KA-01-AB-0101,13-11-2025 07:48,12.97592908,77.59580795,07:45:00,3
R7C_0002,KA-01-AB-0101,13-11-2025 07:57,12.98017106,77.60150541,07:55:00,2
R7C_0002,KA-01-AB-0101,13-11-2025 08:05,12.9909473,77.61239456,08:05:00,0
R7C_0002,KA-01-AB-0101,13-11-2025 08:32,12.98869321,77.61405339,08:15:00,17
R7C_0002,KA-01-AB-0101,13-11-2025 08:36,12.98734378,77.60099215,08:25:00,11
R5A_0003,KA-01-AB-0101,13-11-2025 07:40,12.97,77.59,07:30:00,10
R5A_0003,KA-01-AB-0101,13-11-2025 07:57,12.97246087,77.59471499,07:40:00,17
R5A_0003,KA-01-AB-0101,13-11-2025 07:50,12.97581211,77.592621,07:50:00,0
R5A_0003,KA-01-AB-0101,13-11-2025 08:04,12.98165388,77.60389555,08:00:00,4
R5A_0003,KA-01-AB-0101,13-11-2025 08:13,12.97663509,77.60076314,08:10:00,3
R5A_0003,KA-01-AB-0101,13-11-2025 08:24,12.98801791,77.61470514,08:20:00,4
R5A_0003,KA-01-AB-0101,13-11-2025 08:35,12.98261558,77.61210415,08:30:00,5
R5A_0003,KA-01-AB-0101,13-11-2025 08:58,12.99203382,77.59937553,08:40:00,18
R5A_0004,KA-01-AB-0103,13-11-2025 07:46,12.97,77.59,07:45:00,1
R5A_0004,KA-01-AB-0103,13-11-2025 08:17,12.97317702,77.59180816,07:55:00,22
R5A_0004,KA-01-AB-0103,13-11-2025 08:06,12.97757428,77.59226849,08:05:00,1
R5A_0004,KA-01-AB-0103,13-11-2025 08:18,12.9801106,77.60235405,08:15:00,3
R5A_0004,KA-01-AB-0103,13-11-2025 08:30,12.97490215,77.60689459,08:25:00,5
R5A_0004,KA-01-AB-0103,13-11-2025 08:55,12.97615865,77.60466276,08:35:00,20
R5A_0004,KA-01-AB-0103,13-11-2025 09:07,12.98125229,77.60541745,08:45:00,22
R5A_0004,KA-01-AB-0103,13-11-2025 08:55,12.98097634,77.61949882,08:55:00,0
R5A_0005,KA-01-AB-0103,13-11-2025 08:01,12.97,77.59,08:00:00,1
R5A_0005,KA-01-AB-0103,13-11-2025 08:15,12.97216073,77.59484808,08:10:00,5
R5A_0005,KA-01-AB-0103,13-11-2025 08:20,12.97519492,77.59516902,08:20:00,0
R5A_0005,KA-01-AB-0103,13-11-2025 08:31,12.97433044,77.59494963,08:30:00,1
R5A_0005,KA-01-AB-0103,13-11-2025 08:40,12.98611914,77.60003273,08:40:00,0
R5A_0005,KA-01-AB-0103,13-11-2025 08:52,12.98002461,77.61482876,08:50:00,2
R5A_0005,KA-01-AB-0103,13-11-2025 09:00,12.98409728,77.61669764,09:00:00,0
R5A_0005,KA-01-AB-0103,13-11-2025 09:11,13.00247986,77.60454186,09:10:00,1
R7C_0006,KA-01-AB-0101,13-11-2025 08:37,12.97,77.59,08:15:00,22
R7C_0006,KA-01-AB-0101,13-11-2025 08:41,12.97324982,77.59460221,08:25:00,16
R7C_0006,KA-01-AB-0101,13-11-2025 08:49,12.97221036,77.593136,08:35:00,14
R7C_0006,KA-01-AB-0101,13-11-2025 08:50,12.97899335,77.60304653,08:45:00,5
R7C_0006,KA-01-AB-0101,13-11-2025 09:08,12.9797331,77.60637049,08:55:00,13
R7C_0006,KA-01-AB-0101,13-11-2025 09:05,12.99390495,77.60455702,09:05:00,0
R7C_0006,KA-01-AB-0101,13-11-2025 09:20,12.98074863,77.60230407,09:15:00,5
R7C_0006,KA-01-AB-0101,13-11-2025 09:26,12.98603008,77.60424535,09:25:00,1
R5A_0007,KA-01-AB-0104,13-11-2025 08:30,12.97,77.59,08:30:00,0
R5A_0007,KA-01-AB-0104,13-11-2025 08:52,12.97170542,77.5944017,08:40:00,12
R5A_0007,KA-01-AB-0104,13-11-2025 09:14,12.97977596,77.59875161,08:50:00,24
R5A_0007,KA-01-AB-0104,13-11-2025 09:00,12.98193637,77.59391028,09:00:00,0
R5A_0007,KA-01-AB-0104,13-11-2025 09:10,12.98312556,77.59557961,09:10:00,0
R5A_0007,KA-01-AB-0104,13-11-2025 09:24,12.98098972,77.59919882,09:20:00,4
R5A_0007,KA-01-AB-0104,13-11-2025 09:46,12.99956835,77.60932541,09:30:00,16
R5A_0007,KA-01-AB-0104,13-11-2025 09:42,12.97788253,77.61419675,09:40:00,2
R7C_0008,KA-01-AB-0101,13-11-2025 09:10,12.97,77.59,08:45:00,25
R7C_0008,KA-01-AB-0101,13-11-2025 09:20,12.97144607,77.59433531,08:55:00,25
R7C_0008,KA-01-AB-0101,13-11-2025 09:06,12.97354848,77.59902739,09:05:00,1
R7C_0008,KA-01-AB-0101,13-11-2025 09:19,12.98209415,77.6023215,09:15:00,4
R7C_0008,KA-01-AB-0101,13-11-2025 09:39,12.9742705,77.60999216,09:25:00,14
R7C_0008,KA-01-AB-0101,13-11-2025 09:39,12.99350362,77.60035777,09:35:00,4
R7C_0008,KA-01-AB-0101,13-11-2025 09:55,12.99372959,77.60551692,09:45:00,10
R7C_0008,KA-01-AB-0101,13-11-2025 10:14,12.99987461,77.61224537,09:55:00,19
R5A_0009,KA-01-AB-0102,13-11-2025 09:02,12.97,77.59,09:00:00,2
R5A_0009,KA-01-AB-0102,13-11-2025 09:10,12.97226128,77.59268265,09:10:00,0
R5A_0009,KA-01-AB-0102,13-11-2025 09:22,12.97733231,77.59237401,09:20:00,2
R5A_0009,KA-01-AB-0102,13-11-2025 09:34,12.97300411,77.59903267,09:30:00,4
R5A_0009,KA-01-AB-0102,13-11-2025 09:57,12.98290557,77.60137848,09:40:00,17
R5A_0009,KA-01-AB-0102,13-11-2025 09:52,12.98376864,77.61125722,09:50:00,2
R5A_0009,KA-01-AB-0102,13-11-2025 10:21,12.98575669,77.61888708,10:00:00,21
R5A_0009,KA-01-AB-0102,13-11-2025 10:15,12.98998498,77.60202858,10:10:00,5
R7C_0010,KA-01-AB-0101,13-11-2025 09:38,12.97,77.59,09:15:00,23
R7C_0010,KA-01-AB-0101,13-11-2025 09:25,12.97137055,77.59107816,09:25:00,0
R7C_0010,KA-01-AB-0101,13-11-2025 09:38,12.9796855,77.5953668,09:35:00,3
R7C_0010,KA-01-AB-0101,13-11-2025 09:58,12.97952613,77.60014466,09:45:00,13
R7C_0010,KA-01-AB-0101,13-11-2025 09:57,12.98334194,77.60871763,09:55:00,2
R7C_0010,KA-01-AB-0101,13-11-2025 10:06,12.99393236,77.61117804,10:05:00,1
R7C_0010,KA-01-AB-0101,13-11-2025 10:19,12.98996058,77.61616791,10:15:00,4
R7C_0010,KA-01-AB-0101,13-11-2025 10:37,12.99469096,77.59705425,10:25:00,12
R7C_0011,KA-01-AB-0104,13-11-2025 09:34,12.97,77.59,09:30:00,4
R7C_0011,KA-01-AB-0104,13-11-2025 09:41,12.97468951,77.59416951,09:40:00,1
R7C_0011,KA-01-AB-0104,13-11-2025 10:11,12.97635453,77.59886488,09:50:00,21
R7C_0011,KA-01-AB-0104,13-11-2025 10:12,12.97489134,77.59559112,10:00:00,12
R7C_0011,KA-01-AB-0104,13-11-2025 10:15,12.97907885,77.59855939,10:10:00,5
R7C_0011,KA-01-AB-0104,13-11-2025 10:25,12.98604337,77.60026718,10:20:00,5
R7C_0011,KA-01-AB-0104,13-11-2025 10:31,12.99478049,77.5979845,10:30:00,1
R7C_0011,KA-01-AB-0104,13-11-2025 10:45,13.00419926,77.60453406,10:40:00,5
R5A_0012,KA-01-AB-0102,13-11-2025 09:49,12.97,77.59,09:45:00,4
R5A_0012,KA-01-AB-0102,13-11-2025 09:57,12.97328295,77.59254925,09:55:00,2
R5A_0012,KA-01-AB-0102,13-11-2025 10:09,12.97410998,77.59719717,10:05:00,4
R5A_0012,KA-01-AB-0102,13-11-2025 10:19,12.97516683,77.59958924,10:15:00,4
R5A_0012,KA-01-AB-0102,13-11-2025 10:28,12.98630452,77.60904309,10:25:00,3
R5A_0012,KA-01-AB-0102,13-11-2025 10:56,12.98536678,77.60911977,10:35:00,21
R5A_0012,KA-01-AB-0102,13-11-2025 10:48,12.99176896,77.59867481,10:45:00,3
R5A_0012,KA-01-AB-0102,13-11-2025 11:15,12.98008169,77.62470324,10:55:00,20
R12B_0013,KA-01-AB-0101,13-11-2025 10:02,12.97,77.59,10:00:00,2
R12B_0013,KA-01-AB-0101,13-11-2025 10:15,12.97220637,77.59176926,10:10:00,5
R12B_0013,KA-01-AB-0101,13-11-2025 10:42,12.97430888,77.59690807,10:20:00,22
R12B_0013,KA-01-AB-0101,13-11-2025 10:41,12.97340893,77.59421238,10:30:00,11
R12B_0013,KA-01-AB-0101,13-11-2025 10:42,12.98297413,77.60942456,10:40:00,2
R12B_0013,KA-01-AB-0101,13-11-2025 10:54,12.99173056,77.60502686,10:50:00,4
R12B_0013,KA-01-AB-0101,13-11-2025 11:03,12.99887412,77.60753585,11:00:00,3
R12B_0013,KA-01-AB-0101,13-11-2025 11:30,12.97918494,77.61668286,11:10:00,20
R5A_0014,KA-01-AB-0104,13-11-2025 10:20,12.97,77.59,10:15:00,5
R5A_0014,KA-01-AB-0104,13-11-2025 10:26,12.97304263,77.59309197,10:25:00,1
R5A_0014,KA-01-AB-0104,13-11-2025 10:37,12.97902902,77.59790266,10:35:00,2
R5A_0014,KA-01-AB-0104,13-11-2025 10:56,12.97486455,77.60076347,10:45:00,11
R5A_0014,KA-01-AB-0104,13-11-2025 10:57,12.97681581,77.60363025,10:55:00,2
R5A_0014,KA-01-AB-0104,13-11-2025 11:27,12.98963194,77.61170774,11:05:00,22
R5A_0014,KA-01-AB-0104,13-11-2025 11:20,12.9795119,77.60586649,11:15:00,5
R5A_0014,KA-01-AB-0104,13-11-2025 11:28,12.98559914,77.6063773,11:25:00,3
R7C_0015,KA-01-AB-0105,13-11-2025 10:30,12.97,77.59,10:30:00,0
R7C_0015,KA-01-AB-0105,13-11-2025 10:44,12.9712738,77.59397975,10:40:00,4
R7C_0015,KA-01-AB-0105,13-11-2025 10:50,12.97995165,77.59898554,10:50:00,0
R7C_0015,KA-01-AB-0105,13-11-2025 11:04,12.97775121,77.60093721,11:00:00,4
R7C_0015,KA-01-AB-0105,13-11-2025 11:12,12.98381216,77.5947733,11:10:00,2
R7C_0015,KA-01-AB-0105,13-11-2025 11:24,12.98127071,77.60350186,11:20:00,4
R7C_0015,KA-01-AB-0105,13-11-2025 11:32,12.98159353,77.61695245,11:30:00,2
R7C_0015,KA-01-AB-0105,13-11-2025 11:42,12.98244101,77.61591109,11:40:00,2
R7C_0016,KA-01-AB-0103,13-11-2025 11:02,12.97,77.59,10:45:00,17
R7C_0016,KA-01-AB-0103,13-11-2025 11:05,12.97173471,77.59478795,10:55:00,10
R7C_0016,KA-01-AB-0103,13-11-2025 11:09,12.97789106,77.59866964,11:05:00,4
R7C_0016,KA-01-AB-0103,13-11-2025 11:27,12.97663308,77.59782207,11:15:00,12
R7C_0016,KA-01-AB-0103,13-11-2025 11:27,12.97637694,77.59600642,11:25:00,2
R7C_0016,KA-01-AB-0103,13-11-2025 11:38,12.990912,77.5951474,11:35:00,3
R7C_0016,KA-01-AB-0103,13-11-2025 11:45,12.99914591,77.60654124,11:45:00,0
R7C_0016,KA-01-AB-0103,13-11-2025 12:17,12.98517947,77.62136079,11:55:00,22
R7C_0017,KA-01-AB-0105,13-11-2025 11:03,12.97,77.59,11:00:00,3
R7C_0017,KA-01-AB-0105,13-11-2025 11:12,12.97104621,77.59214291,11:10:00,2
R7C_0017,KA-01-AB-0105,13-11-2025 11:21,12.97695602,77.59278025,11:20:00,1
R7C_0017,KA-01-AB-0105,13-11-2025 11:35,12.97506817,77.60385839,11:30:00,5
R7C_0017,KA-01-AB-0105,13-11-2025 11:53,12.98917217,77.6074439,11:40:00,13
R7C_0017,KA-01-AB-0105,13-11-2025 11:51,12.98725548,77.60180073,11:50:00,1
R7C_0017,KA-01-AB-0105,13-11-2025 12:03,12.98294673,77.61361461,12:00:00,3
R7C_0017,KA-01-AB-0105,13-11-2025 12:11,13.00408964,77.61957093,12:10:00,1
R12B_0018,KA-01-AB-0104,13-11-2025 11:16,12.97,77.59,11:15:00,1
R12B_0018,KA-01-AB-0104,13-11-2025 11:27,12.97414669,77.59429842,11:25:00,2
R12B_0018,KA-01-AB-0104,13-11-2025 12:00,12.97832804,77.59236743,11:35:00,25
R12B_0018,KA-01-AB-0104,13-11-2025 11:46,12.9817608,77.59796039,11:45:00,1
R12B_0018,KA-01-AB-0104,13-11-2025 12:00,12.98896726,77.60162209,11:55:00,5
R12B_0018,KA-01-AB-0104,13-11-2025 12:29,12.98371675,77.60995271,12:05:00,24
R12B_0018,KA-01-AB-0104,13-11-2025 12:25,12.98262053,77.59671541,12:15:00,10
R12B_0018,KA-01-AB-0104,13-11-2025 12:27,12.98308867,77.62251457,12:25:00,2
R7C_0019,KA-01-AB-0105,13-11-2025 11:35,12.97,77.59,11:30:00,5
R7C_0019,KA-01-AB-0105,13-11-2025 11:57,12.97353238,77.59197912,11:40:00,17
R7C_0019,KA-01-AB-0105,13-11-2025 11:54,12.97329937,77.59818331,11:50:00,4
R7C_0019,KA-01-AB-0105,13-11-2025 12:03,12.9737532,77.60080724,12:00:00,3
R7C_0019,KA-01-AB-0105,13-11-2025 12:15,12.98975026,77.60934665,12:10:00,5
R7C_0019,KA-01-AB-0105,13-11-2025 12:21,12.97727145,77.59661292,12:20:00,1
R7C_0019,KA-01-AB-0105,13-11-2025 12:32,12.99347266,77.60535621,12:30:00,2
R7C_0019,KA-01-AB-0105,13-11-2025 12:52,12.99327339,77.6249586,12:40:00,12
R12B_0020,KA-01-AB-0104,13-11-2025 11:55,12.97,77.59,11:45:00,10
R12B_0020,KA-01-AB-0104,13-11-2025 12:13,12.97371017,77.59144783,11:55:00,18
R12B_0020,KA-01-AB-0104,13-11-2025 12:07,12.97704253,77.59531338,12:05:00,2
R12B_0020,KA-01-AB-0104,13-11-2025 12:16,12.97757018,77.59712514,12:15:00,1
R12B_0020,KA-01-AB-0104,13-11-2025 12:44,12.98288316,77.60581593,12:25:00,19
R12B_0020,KA-01-AB-0104,13-11-2025 12:40,12.98511557,77.61363094,12:35:00,5
R12B_0020,KA-01-AB-0104,13-11-2025 12:46,12.97766529,77.60068283,12:45:00,1
R12B_0020,KA-01-AB-0104,13-11-2025 12:55,12.99254879,77.61184647,12:55:00,0
R5A_0021,KA-01-AB-0101,13-11-2025 12:16,12.97,77.59,12:00:00,16
R5A_0021,KA-01-AB-0101,13-11-2025 12:20,12.97259679,77.59105077,12:10:00,10
R5A_0021,KA-01-AB-0101,13-11-2025 12:22,12.97274462,77.59819362,12:20:00,2
R5A_0021,KA-01-AB-0101,13-11-2025 12:32,12.97386316,77.60102573,12:30:00,2
R5A_0021,KA-01-AB-0101,13-11-2025 12:45,12.98714564,77.6070627,12:40:00,5
R5A_0021,KA-01-AB-0101,13-11-2025 13:09,12.97969624,77.60522725,12:50:00,19
R5A_0021,KA-01-AB-0101,13-11-2025 13:11,12.98276583,77.59866556,13:00:00,11
R5A_0021,KA-01-AB-0101,13-11-2025 13:14,12.99919272,77.60602132,13:10:00,4
R7C_0022,KA-01-AB-0101,13-11-2025 12:38,12.97,77.59,12:15:00,23
R7C_0022,KA-01-AB-0101,13-11-2025 12:28,12.97171287,77.59339592,12:25:00,3
R7C_0022,KA-01-AB-0101,13-11-2025 12:40,12.97790446,77.59952334,12:35:00,5
R7C_0022,KA-01-AB-0101,13-11-2025 13:06,12.97919217,77.60022754,12:45:00,21
R7C_0022,KA-01-AB-0101,13-11-2025 12:56,12.98091308,77.60412328,12:55:00,1
R7C_0022,KA-01-AB-0101,13-11-2025 13:28,12.98352005,77.6093741,13:05:00,23
R7C_0022,KA-01-AB-0101,13-11-2025 13:16,12.98927711,77.61534663,13:15:00,1
R7C_0022,KA-01-AB-0101,13-11-2025 13:26,13.00194302,77.61219575,13:25:00,1
R5A_0023,KA-01-AB-0103,13-11-2025 12:47,12.97,77.59,12:30:00,17
R5A_0023,KA-01-AB-0103,13-11-2025 12:43,12.97142506,77.59316721,12:40:00,3
R5A_0023,KA-01-AB-0103,13-11-2025 12:53,12.97609995,77.59980494,12:50:00,3
R5A_0023,KA-01-AB-0103,13-11-2025 13:24,12.97597849,77.59704117,13:00:00,24
R5A_0023,KA-01-AB-0103,13-11-2025 13:33,12.97662468,77.59844168,13:10:00,23
R5A_0023,KA-01-AB-0103,13-11-2025 13:31,12.98259071,77.60349708,13:20:00,11
R5A_0023,KA-01-AB-0103,13-11-2025 13:55,12.98084886,77.61895889,13:30:00,25
R5A_0023,KA-01-AB-0103,13-11-2025 13:41,12.9783261,77.61522316,13:40:00,1
R7C_0024,KA-01-AB-0101,13-11-2025 12:50,12.97,77.59,12:45:00,5
R7C_0024,KA-01-AB-0101,13-11-2025 12:58,12.97202401,77.59166266,12:55:00,3
R7C_0024,KA-01-AB-0101,13-11-2025 13:08,12.97930347,77.59408751,13:05:00,3
R7C_0024,KA-01-AB-0101,13-11-2025 13:29,12.9746551,77.5997028,13:15:00,14
R7C_0024,KA-01-AB-0101,13-11-2025 13:25,12.98915793,77.59980264,13:25:00,0
R7C_0024,KA-01-AB-0101,13-11-2025 13:58,12.98304728,77.60814312,13:35:00,23
R7C_0024,KA-01-AB-0101,13-11-2025 14:02,12.99128881,77.60902074,13:45:00,17
R7C_0024,KA-01-AB-0101,13-11-2025 14:09,12.99197134,77.61655871,13:55:00,14
R7C_0025,KA-01-AB-0104,13-11-2025 13:04,12.97,77.59,13:00:00,4
R7C_0025,KA-01-AB-0104,13-11-2025 13:26,12.97247158,77.592084,13:10:00,16
R7C_0025,KA-01-AB-0104,13-11-2025 13:21,12.97511857,77.5942153,13:20:00,1
R7C_0025,KA-01-AB-0104,13-11-2025 13:44,12.98200303,77.59989048,13:30:00,14
R7C_0025,KA-01-AB-0104,13-11-2025 13:43,12.9836668,77.6029053,13:40:00,3
R7C_0025,KA-01-AB-0104,13-11-2025 13:54,12.99343437,77.60269869,13:50:00,4
R7C_0025,KA-01-AB-0104,13-11-2025 14:03,12.98861157,77.61555051,14:00:00,3
R7C_0025,KA-01-AB-0104,13-11-2025 14:10,12.98232227,77.61819663,14:10:00,0
R5A_0026,KA-01-AB-0105,13-11-2025 13:20,12.97,77.59,13:15:00,5
R5A_0026,KA-01-AB-0105,13-11-2025 13:42,12.97311499,77.59278731,13:25:00,17
R5A_0026,KA-01-AB-0105,13-11-2025 13:35,12.97210114,77.59844156,13:35:00,0
R5A_0026,KA-01-AB-0105,13-11-2025 14:09,12.97585819,77.59855752,13:45:00,24
R5A_0026,KA-01-AB-0105,13-11-2025 13:58,12.98194904,77.60714039,13:55:00,3
R5A_0026,KA-01-AB-0105,13-11-2025 14:08,12.9753081,77.60797923,14:05:00,3
R5A_0026,KA-01-AB-0105,13-11-2025 14:18,12.98028514,77.60053096,14:15:00,3
R5A_0026,KA-01-AB-0105,13-11-2025 14:27,12.9871073,77.61878807,14:25:00,2
R7C_0027,KA-01-AB-0104,13-11-2025 13:30,12.97,77.59,13:30:00,0
R7C_0027,KA-01-AB-0104,13-11-2025 14:04,12.97420445,77.59198683,13:40:00,24
R7C_0027,KA-01-AB-0104,13-11-2025 13:53,12.97505413,77.59388971,13:50:00,3
R7C_0027,KA-01-AB-0104,13-11-2025 14:23,12.97577474,77.60464199,14:00:00,23
R7C_0027,KA-01-AB-0104,13-11-2025 14:12,12.98993271,77.60987932,14:10:00,2
R7C_0027,KA-01-AB-0104,13-11-2025 14:22,12.99467084,77.60290711,14:20:00,2
R7C_0027,KA-01-AB-0104,13-11-2025 14:32,12.99907953,77.59937724,14:30:00,2
R7C_0027,KA-01-AB-0104,13-11-2025 14:42,13.00188434,77.61930825,14:40:00,2
R7C_0028,KA-01-AB-0105,13-11-2025 13:45,12.97,77.59,13:45:00,0
R7C_0028,KA-01-AB-0105,13-11-2025 13:59,12.97378374,77.59382902,13:55:00,4
R7C_0028,KA-01-AB-0105,13-11-2025 14:10,12.97920987,77.59833841,14:05:00,5
R7C_0028,KA-01-AB-0105,13-11-2025 14:19,12.97602759,77.60438058,14:15:00,4
R7C_0028,KA-01-AB-0105,13-11-2025 14:29,12.97467121,77.60467029,14:25:00,4
R7C_0028,KA-01-AB-0105,13-11-2025 14:37,12.97609872,77.61060969,14:35:00,2
R7C_0028,KA-01-AB-0105,13-11-2025 14:46,12.99932485,77.60495188,14:45:00,1
R7C_0028,KA-01-AB-0105,13-11-2025 14:55,12.98877932,77.61783355,14:55:00,0
R5A_0029,KA-01-AB-0105,13-11-2025 14:05,12.97,77.59,14:00:00,5
R5A_0029,KA-01-AB-0105,13-11-2025 14:11,12.97449881,77.59470502,14:10:00,1
R5A_0029,KA-01-AB-0105,13-11-2025 14:35,12.97445434,77.59283463,14:20:00,15
R5A_0029,KA-01-AB-0105,13-11-2025 14:32,12.98396174,77.60185392,14:30:00,2
R5A_0029,KA-01-AB-0105,13-11-2025 14:43,12.982122,77.60021189,14:40:00,3
R5A_0029,KA-01-AB-0105,13-11-2025 14:51,12.98366175,77.61050774,14:50:00,1
R5A_0029,KA-01-AB-0105,13-11-2025 15:04,12.99487425,77.60710466,15:00:00,4
R5A_0029,KA-01-AB-0105,13-11-2025 15:14,12.98408332,77.59785539,15:10:00,4
R5A_0030,KA-01-AB-0103,13-11-2025 14:16,12.97,77.59,14:15:00,1
R5A_0030,KA-01-AB-0103,13-11-2025 14:49,12.9729592,77.59419688,14:25:00,24
R5A_0030,KA-01-AB-0103,13-11-2025 14:36,12.97521813,77.59965221,14:35:00,1
R5A_0030,KA-01-AB-0103,13-11-2025 14:50,12.97387606,77.59355441,14:45:00,5
R5A_0030,KA-01-AB-0103,13-11-2025 15:17,12.98866813,77.60224356,14:55:00,22
R5A_0030,KA-01-AB-0103,13-11-2025 15:08,12.97696699,77.59583104,15:05:00,3
R5A_0030,KA-01-AB-0103,13-11-2025 15:20,12.97864966,77.61017229,15:15:00,5
R5A_0030,KA-01-AB-0103,13-11-2025 15:42,12.97785232,77.6149077,15:25:00,17
R7C_0031,KA-01-AB-0101,13-11-2025 14:33,12.97,77.59,14:30:00,3
R7C_0031,KA-01-AB-0101,13-11-2025 14:43,12.97429605,77.59273423,14:40:00,3
R7C_0031,KA-01-AB-0101,13-11-2025 15:13,12.97638814,77.59950772,14:50:00,23
R7C_0031,KA-01-AB-0101,13-11-2025 15:03,12.97548113,77.59970883,15:00:00,3
R7C_0031,KA-01-AB-0101,13-11-2025 15:11,12.98424345,77.60512924,15:10:00,1
R7C_0031,KA-01-AB-0101,13-11-2025 15:20,12.97857989,77.60720121,15:20:00,0
R7C_0031,KA-01-AB-0101,13-11-2025 15:35,12.99767194,77.61962026,15:30:00,5
R7C_0031,KA-01-AB-0101,13-11-2025 16:04,12.98127249,77.61690732,15:40:00,24
R5A_0032,KA-01-AB-0102,13-11-2025 14:47,12.97,77.59,14:45:00,2
R5A_0032,KA-01-AB-0102,13-11-2025 15:18,12.9718938,77.593923,14:55:00,23
R5A_0032,KA-01-AB-0102,13-11-2025 15:10,12.97274211,77.59642451,15:05:00,5
R5A_0032,KA-01-AB-0102,13-11-2025 15:17,12.97516559,77.60174651,15:15:00,2
R5A_0032,KA-01-AB-0102,13-11-2025 15:29,12.98450324,77.60575299,15:25:00,4
R5A_0032,KA-01-AB-0102,13-11-2025 15:45,12.97773311,77.60840303,15:35:00,10
R5A_0032,KA-01-AB-0102,13-11-2025 15:50,12.9920723,77.60255744,15:45:00,5
R5A_0032,KA-01-AB-0102,13-11-2025 16:12,12.97767501,77.59934275,15:55:00,17
R12B_0033,KA-01-AB-0101,13-11-2025 15:18,12.97,77.59,15:00:00,18
R12B_0033,KA-01-AB-0101,13-11-2025 15:13,12.97244372,77.59401825,15:10:00,3
R12B_0033,KA-01-AB-0101,13-11-2025 15:20,12.97909123,77.59979402,15:20:00,0
R12B_0033,KA-01-AB-0101,13-11-2025 15:30,12.984213,77.60098935,15:30:00,0
R12B_0033,KA-01-AB-0101,13-11-2025 15:45,12.97613794,77.60408102,15:40:00,5
R12B_0033,KA-01-AB-0101,13-11-2025 16:12,12.97583735,77.60074254,15:50:00,22
R12B_0033,KA-01-AB-0101,13-11-2025 16:03,12.98503451,77.60906071,16:00:00,3
R12B_0033,KA-01-AB-0101,13-11-2025 16:15,13.00368633,77.61089257,16:10:00,5
R7C_0034,KA-01-AB-0102,13-11-2025 15:18,12.97,77.59,15:15:00,3
R7C_0034,KA-01-AB-0102,13-11-2025 15:30,12.97476273,77.59135367,15:25:00,5
R7C_0034,KA-01-AB-0102,13-11-2025 15:38,12.97573448,77.59577999,15:35:00,3
R7C_0034,KA-01-AB-0102,13-11-2025 16:10,12.97522531,77.60416533,15:45:00,25
R7C_0034,KA-01-AB-0102,13-11-2025 16:15,12.97742112,77.60451282,15:55:00,20
R7C_0034,KA-01-AB-0102,13-11-2025 16:07,12.98547646,77.60484898,16:05:00,2
R7C_0034,KA-01-AB-0102,13-11-2025 16:17,12.99733874,77.61742143,16:15:00,2
R7C_0034,KA-01-AB-0102,13-11-2025 16:42,12.98551522,77.60004357,16:25:00,17
R5A_0035,KA-01-AB-0102,13-11-2025 15:51,12.97,77.59,15:30:00,21
R5A_0035,KA-01-AB-0102,13-11-2025 15:41,12.97316491,77.5923447,15:40:00,1
R5A_0035,KA-01-AB-0102,13-11-2025 15:54,12.97627323,77.59357363,15:50:00,4
R5A_0035,KA-01-AB-0102,13-11-2025 16:12,12.98224444,77.60380786,16:00:00,12
R5A_0035,KA-01-AB-0102,13-11-2025 16:12,12.98969276,77.60198876,16:10:00,2
R5A_0035,KA-01-AB-0102,13-11-2025 16:25,12.99429209,77.6095353,16:20:00,5
R5A_0035,KA-01-AB-0102,13-11-2025 16:48,12.9773912,77.60462664,16:30:00,18
R5A_0035,KA-01-AB-0102,13-11-2025 16:45,12.97819151,77.60539304,16:40:00,5
R7C_0036,KA-01-AB-0102,13-11-2025 15:49,12.97,77.59,15:45:00,4
R7C_0036,KA-01-AB-0102,13-11-2025 15:57,12.97287357,77.59430662,15:55:00,2
R7C_0036,KA-01-AB-0102,13-11-2025 16:24,12.97829856,77.59242612,16:05:00,19
R7C_0036,KA-01-AB-0102,13-11-2025 16:17,12.98276858,77.59474535,16:15:00,2
R7C_0036,KA-01-AB-0102,13-11-2025 16:27,12.97471663,77.59971965,16:25:00,2
R7C_0036,KA-01-AB-0102,13-11-2025 16:36,12.9949881,77.60940445,16:35:00,1
R7C_0036,KA-01-AB-0102,13-11-2025 16:47,12.99107865,77.60926965,16:45:00,2
R7C_0036,KA-01-AB-0102,13-11-2025 16:56,12.98462974,77.59775297,16:55:00,1
R12B_0037,KA-01-AB-0102,13-11-2025 16:02,12.97,77.59,16:00:00,2
R12B_0037,KA-01-AB-0102,13-11-2025 16:15,12.97424602,77.59170676,16:10:00,5
R12B_0037,KA-01-AB-0102,13-11-2025 16:31,12.97781226,77.59682386,16:20:00,11
R12B_0037,KA-01-AB-0102,13-11-2025 16:51,12.97586614,77.60140725,16:30:00,21
R12B_0037,KA-01-AB-0102,13-11-2025 16:59,12.97424247,77.60927641,16:40:00,19
R12B_0037,KA-01-AB-0102,13-11-2025 17:10,12.99243387,77.60056715,16:50:00,20
R12B_0037,KA-01-AB-0102,13-11-2025 17:00,12.99730888,77.61270727,17:00:00,0
R12B_0037,KA-01-AB-0102,13-11-2025 17:12,13.00109509,77.61546251,17:10:00,2
R5A_0038,KA-01-AB-0104,13-11-2025 16:20,12.97,77.59,16:15:00,5
R5A_0038,KA-01-AB-0104,13-11-2025 16:48,12.97311729,77.59474083,16:25:00,23
R5A_0038,KA-01-AB-0104,13-11-2025 16:39,12.97354484,77.59335479,16:35:00,4
R5A_0038,KA-01-AB-0104,13-11-2025 16:47,12.97538444,77.59696537,16:45:00,2
R5A_0038,KA-01-AB-0104,13-11-2025 16:59,12.9870969,77.60140326,16:55:00,4
R5A_0038,KA-01-AB-0104,13-11-2025 17:09,12.98470504,77.60366494,17:05:00,4
R5A_0038,KA-01-AB-0104,13-11-2025 17:39,12.98031167,77.59716482,17:15:00,24
R5A_0038,KA-01-AB-0104,13-11-2025 17:25,13.00458395,77.61330751,17:25:00,0
R5A_0039,KA-01-AB-0104,13-11-2025 16:45,12.97,77.59,16:30:00,15
R5A_0039,KA-01-AB-0104,13-11-2025 16:45,12.97371057,77.5943078,16:40:00,5
R5A_0039,KA-01-AB-0104,13-11-2025 16:50,12.97848103,77.59482635,16:50:00,0
R5A_0039,KA-01-AB-0104,13-11-2025 17:04,12.98093636,77.59452362,17:00:00,4
R5A_0039,KA-01-AB-0104,13-11-2025 17:12,12.98550961,77.59854278,17:10:00,2
R5A_0039,KA-01-AB-0104,13-11-2025 17:21,12.99326169,77.61469076,17:20:00,1
R5A_0039,KA-01-AB-0104,13-11-2025 17:34,12.9790396,77.60867452,17:30:00,4
R5A_0039,KA-01-AB-0104,13-11-2025 17:58,12.99807307,77.61370977,17:40:00,18
R12B_0040,KA-01-AB-0103,13-11-2025 16:45,12.97,77.59,16:45:00,0
R12B_0040,KA-01-AB-0103,13-11-2025 16:55,12.97261709,77.5926453,16:55:00,0
R12B_0040,KA-01-AB-0103,13-11-2025 17:10,12.97493631,77.59744501,17:05:00,5
R12B_0040,KA-01-AB-0103,13-11-2025 17:18,12.97725774,77.6019677,17:15:00,3
R12B_0040,KA-01-AB-0103,13-11-2025 17:30,12.98944466,77.60075505,17:25:00,5
R12B_0040,KA-01-AB-0103,13-11-2025 17:39,12.9910286,77.61203712,17:35:00,4
R12B_0040,KA-01-AB-0103,13-11-2025 18:00,12.98843244,77.6158841,17:45:00,15
R12B_0040,KA-01-AB-0103,13-11-2025 18:17,12.98638105,77.60824799,17:55:00,22
R5A_0041,KA-01-AB-0102,13-11-2025 17:01,12.97,77.59,17:00:00,1
R5A_0041,KA-01-AB-0102,13-11-2025 17:33,12.9728331,77.59118213,17:10:00,23
R5A_0041,KA-01-AB-0102,13-11-2025 17:24,12.97343724,77.59455615,17:20:00,4
R5A_0041,KA-01-AB-0102,13-11-2025 17:43,12.97738452,77.59929913,17:30:00,13
R5A_0041,KA-01-AB-0102,13-11-2025 17:45,12.97619072,77.59718583,17:40:00,5
R5A_0041,KA-01-AB-0102,13-11-2025 17:51,12.97596736,77.60083406,17:50:00,1
R5A_0041,KA-01-AB-0102,13-11-2025 18:01,12.98714495,77.60348925,18:00:00,1
R5A_0041,KA-01-AB-0102,13-11-2025 18:12,12.99247808,77.62324717,18:10:00,2
R12B_0042,KA-01-AB-0105,13-11-2025 17:20,12.97,77.59,17:15:00,5
R12B_0042,KA-01-AB-0105,13-11-2025 17:28,12.97295566,77.59231164,17:25:00,3
R12B_0042,KA-01-AB-0105,13-11-2025 17:54,12.97212337,77.59705909,17:35:00,19
R12B_0042,KA-01-AB-0105,13-11-2025 17:50,12.98042125,77.59994975,17:45:00,5
R12B_0042,KA-01-AB-0105,13-11-2025 18:19,12.97587994,77.59823315,17:55:00,24
R12B_0042,KA-01-AB-0105,13-11-2025 18:23,12.97707033,77.60401274,18:05:00,18
R12B_0042,KA-01-AB-0105,13-11-2025 18:17,12.98036118,77.61442493,18:15:00,2
R12B_0042,KA-01-AB-0105,13-11-2025 18:30,12.98126244,77.60425471,18:25:00,5
R5A_0043,KA-01-AB-0105,13-11-2025 17:34,12.97,77.59,17:30:00,4
R5A_0043,KA-01-AB-0105,13-11-2025 17:41,12.97491443,77.59244661,17:40:00,1
R5A_0043,KA-01-AB-0105,13-11-2025 18:09,12.9728888,77.59565934,17:50:00,19
R5A_0043,KA-01-AB-0105,13-11-2025 18:01,12.97883761,77.60056462,18:00:00,1
R5A_0043,KA-01-AB-0105,13-11-2025 18:14,12.97710329,77.6088755,18:10:00,4
R5A_0043,KA-01-AB-0105,13-11-2025 18:22,12.98991578,77.60556653,18:20:00,2
R5A_0043,KA-01-AB-0105,13-11-2025 18:34,12.99218253,77.6171343,18:30:00,4
R5A_0043,KA-01-AB-0105,13-11-2025 18:52,12.99744693,77.61217402,18:40:00,12
R7C_0044,KA-01-AB-0101,13-11-2025 18:08,12.97,77.59,17:45:00,23
R7C_0044,KA-01-AB-0101,13-11-2025 17:55,12.97272386,77.59159717,17:55:00,0
R7C_0044,KA-01-AB-0101,13-11-2025 18:06,12.97545099,77.5991287,18:05:00,1
R7C_0044,KA-01-AB-0101,13-11-2025 18:16,12.9848873,77.60477944,18:15:00,1
R7C_0044,KA-01-AB-0101,13-11-2025 18:30,12.98562465,77.6047597,18:25:00,5
R7C_0044,KA-01-AB-0101,13-11-2025 18:36,12.99182711,77.59812455,18:35:00,1
R7C_0044,KA-01-AB-0101,13-11-2025 18:46,12.99709632,77.61085624,18:45:00,1
R7C_0044,KA-01-AB-0101,13-11-2025 19:00,12.98845586,77.60200481,18:55:00,5
R5A_0045,KA-01-AB-0103,13-11-2025 18:00,12.97,77.59,18:00:00,0
R5A_0045,KA-01-AB-0103,13-11-2025 18:31,12.97318314,77.59477494,18:10:00,21
R5A_0045,KA-01-AB-0103,13-11-2025 18:22,12.97777136,77.59477783,18:20:00,2
R5A_0045,KA-01-AB-0103,13-11-2025 18:32,12.97974816,77.60449396,18:30:00,2
R5A_0045,KA-01-AB-0103,13-11-2025 18:59,12.98488303,77.60442765,18:40:00,19
R5A_0045,KA-01-AB-0103,13-11-2025 18:52,12.99005955,77.5955797,18:50:00,2
R5A_0045,KA-01-AB-0103,13-11-2025 19:11,12.97622506,77.61737565,19:00:00,11
R5A_0045,KA-01-AB-0103,13-11-2025 19:10,12.98972306,77.6162552,19:10:00,0
R5A_0046,KA-01-AB-0103,13-11-2025 18:20,12.97,77.59,18:15:00,5
R5A_0046,KA-01-AB-0103,13-11-2025 18:26,12.97433099,77.5917614,18:25:00,1
R5A_0046,KA-01-AB-0103,13-11-2025 18:40,12.97668692,77.59746414,18:35:00,5
R5A_0046,KA-01-AB-0103,13-11-2025 18:49,12.98210731,77.60463087,18:45:00,4
R5A_0046,KA-01-AB-0103,13-11-2025 18:56,12.98195361,77.60325108,18:55:00,1
R5A_0046,KA-01-AB-0103,13-11-2025 19:10,12.97992469,77.61381248,19:05:00,5
R5A_0046,KA-01-AB-0103,13-11-2025 19:20,12.98892308,77.61795451,19:15:00,5
R5A_0046,KA-01-AB-0103,13-11-2025 19:27,12.98047164,77.60011934,19:25:00,2
R5A_0047,KA-01-AB-0103,13-11-2025 18:31,12.97,77.59,18:30:00,1
R5A_0047,KA-01-AB-0103,13-11-2025 18:40,12.97123953,77.594588,18:40:00,0
R5A_0047,KA-01-AB-0103,13-11-2025 19:11,12.978365,77.5978167,18:50:00,21
R5A_0047,KA-01-AB-0103,13-11-2025 19:02,12.97548213,77.60361434,19:00:00,2
R5A_0047,KA-01-AB-0103,13-11-2025 19:15,12.97402279,77.59633408,19:10:00,5
R5A_0047,KA-01-AB-0103,13-11-2025 19:22,12.98539168,77.59733067,19:20:00,2
R5A_0047,KA-01-AB-0103,13-11-2025 19:34,12.98536917,77.61464289,19:30:00,4
R5A_0047,KA-01-AB-0103,13-11-2025 19:50,12.98489593,77.59971825,19:40:00,10
R12B_0048,KA-01-AB-0104,13-11-2025 18:55,12.97,77.59,18:45:00,10
R12B_0048,KA-01-AB-0104,13-11-2025 19:00,12.97103793,77.5922847,18:55:00,5
R12B_0048,KA-01-AB-0104,13-11-2025 19:15,12.97240846,77.59841904,19:05:00,10
R12B_0048,KA-01-AB-0104,13-11-2025 19:20,12.97880465,77.60449517,19:15:00,5
R12B_0048,KA-01-AB-0104,13-11-2025 19:28,12.97566135,77.60861467,19:25:00,3
R12B_0048,KA-01-AB-0104,13-11-2025 19:40,12.98454636,77.59502392,19:35:00,5
R12B_0048,KA-01-AB-0104,13-11-2025 19:49,12.99022139,77.61942791,19:45:00,4
R12B_0048,KA-01-AB-0104,13-11-2025 20:00,12.99435064,77.61026119,19:55:00,5
R5A_0049,KA-01-AB-0101,13-11-2025 19:03,12.97,77.59,19:00:00,3
R5A_0049,KA-01-AB-0101,13-11-2025 19:10,12.97115966,77.59165799,19:10:00,0
R5A_0049,KA-01-AB-0101,13-11-2025 19:23,12.97202381,77.59482637,19:20:00,3
R5A_0049,KA-01-AB-0101,13-11-2025 19:42,12.98258209,77.60418969,19:30:00,12
R5A_0049,KA-01-AB-0101,13-11-2025 19:42,12.98272679,77.6057856,19:40:00,2
R5A_0049,KA-01-AB-0101,13-11-2025 19:51,12.98101782,77.60288283,19:50:00,1
R5A_0049,KA-01-AB-0101,13-11-2025 20:00,12.97756016,77.61830252,20:00:00,0
R5A_0049,KA-01-AB-0101,13-11-2025 20:10,12.99868886,77.59825157,20:10:00,0
R12B_0050,KA-01-AB-0105,13-11-2025 19:19,12.97,77.59,19:15:00,4
R12B_0050,KA-01-AB-0105,13-11-2025 19:26,12.97210021,77.59284249,19:25:00,1
R12B_0050,KA-01-AB-0105,13-11-2025 19:39,12.9752757,77.59816802,19:35:00,4
R12B_0050,KA-01-AB-0105,13-11-2025 19:57,12.98278882,77.5953941,19:45:00,12
R12B_0050,KA-01-AB-0105,13-11-2025 19:57,12.9888897,77.59566822,19:55:00,2
R12B_0050,KA-01-AB-0105,13-11-2025 20:10,12.99388052,77.60672593,20:05:00,5
R12B_0050,KA-01-AB-0105,13-11-2025 20:26,12.984138,77.61108563,20:15:00,11
R12B_0050,KA-01-AB-0105,13-11-2025 20:44,12.98037334,77.6163806,20:25:00,19
R12B_0051,KA-01-AB-0102,13-11-2025 19:35,12.97,77.59,19:30:00,5
R12B_0051,KA-01-AB-0102,13-11-2025 19:55,12.97146615,77.59380744,19:40:00,15
R12B_0051,KA-01-AB-0102,13-11-2025 20:01,12.97849739,77.59670302,19:50:00,11
R12B_0051,KA-01-AB-0102,13-11-2025 20:10,12.97345425,77.60298915,20:00:00,10
R12B_0051,KA-01-AB-0102,13-11-2025 20:10,12.97403673,77.59823901,20:10:00,0
R12B_0051,KA-01-AB-0102,13-11-2025 20:21,12.98854689,77.61141654,20:20:00,1
R12B_0051,KA-01-AB-0102,13-11-2025 20:32,12.98934282,77.60640365,20:30:00,2
R12B_0051,KA-01-AB-0102,13-11-2025 20:45,12.98412994,77.61490657,20:40:00,5
R5A_0052,KA-01-AB-0102,13-11-2025 19:48,12.97,77.59,19:45:00,3
R5A_0052,KA-01-AB-0102,13-11-2025 19:58,12.9722919,77.5914196,19:55:00,3
R5A_0052,KA-01-AB-0102,13-11-2025 20:10,12.9793319,77.59398838,20:05:00,5
R5A_0052,KA-01-AB-0102,13-11-2025 20:30,12.98383953,77.59568888,20:15:00,15
R5A_0052,KA-01-AB-0102,13-11-2025 20:29,12.97874848,77.6095412,20:25:00,4
R5A_0052,KA-01-AB-0102,13-11-2025 20:40,12.98997385,77.60597008,20:35:00,5
R5A_0052,KA-01-AB-0102,13-11-2025 21:05,12.97643195,77.60167601,20:45:00,20
R5A_0052,KA-01-AB-0102,13-11-2025 21:07,12.98363934,77.60506358,20:55:00,12
R12B_0053,KA-01-AB-0103,13-11-2025 20:00,12.97,77.59,20:00:00,0
R12B_0053,KA-01-AB-0103,13-11-2025 20:12,12.9739322,77.59203059,20:10:00,2
R12B_0053,KA-01-AB-0103,13-11-2025 20:25,12.97756531,77.59812042,20:20:00,5
R12B_0053,KA-01-AB-0103,13-11-2025 20:33,12.97971841,77.60327688,20:30:00,3
R12B_0053,KA-01-AB-0103,13-11-2025 20:45,12.98755388,77.60837815,20:40:00,5
R12B_0053,KA-01-AB-0103,13-11-2025 21:07,12.97764274,77.60371457,20:50:00,17
R12B_0053,KA-01-AB-0103,13-11-2025 21:00,12.97849062,77.61764676,21:00:00,0
R12B_0053,KA-01-AB-0103,13-11-2025 21:22,12.97964942,77.60292902,21:10:00,12
R7C_0054,KA-01-AB-0102,13-11-2025 20:17,12.97,77.59,20:15:00,2
R7C_0054,KA-01-AB-0102,13-11-2025 20:29,12.97428107,77.59348362,20:25:00,4
R7C_0054,KA-01-AB-0102,13-11-2025 20:39,12.97952996,77.59473685,20:35:00,4
R7C_0054,KA-01-AB-0102,13-11-2025 20:45,12.98076538,77.5986816,20:45:00,0
R7C_0054,KA-01-AB-0102,13-11-2025 21:11,12.98504901,77.59673373,20:55:00,16
R7C_0054,KA-01-AB-0102,13-11-2025 21:08,12.98782697,77.60172351,21:05:00,3
R7C_0054,KA-01-AB-0102,13-11-2025 21:17,12.97691423,77.59681048,21:15:00,2
R7C_0054,KA-01-AB-0102,13-11-2025 21:41,12.98191051,77.62331101,21:25:00,16
R7C_0055,KA-01-AB-0105,13-11-2025 20:31,12.97,77.59,20:30:00,1
R7C_0055,KA-01-AB-0105,13-11-2025 20:41,12.97306475,77.59206832,20:40:00,1
R7C_0055,KA-01-AB-0105,13-11-2025 20:50,12.9763938,77.59770309,20:50:00,0
R7C_0055,KA-01-AB-0105,13-11-2025 21:03,12.98264623,77.59961619,21:00:00,3
R7C_0055,KA-01-AB-0105,13-11-2025 21:14,12.97457547,77.59814686,21:10:00,4
R7C_0055,KA-01-AB-0105,13-11-2025 21:23,12.99180019,77.61280809,21:20:00,3
R7C_0055,KA-01-AB-0105,13-11-2025 21:43,12.99149418,77.60257175,21:30:00,13
R7C_0055,KA-01-AB-0105,13-11-2025 21:57,12.97882218,77.60170902,21:40:00,17
R5A_0056,KA-01-AB-0104,13-11-2025 20:50,12.97,77.59,20:45:00,5
R5A_0056,KA-01-AB-0104,13-11-2025 20:55,12.97344127,77.5912722,20:55:00,0
R5A_0056,KA-01-AB-0104,13-11-2025 21:18,12.97427519,77.59371236,21:05:00,13
R5A_0056,KA-01-AB-0104,13-11-2025 21:19,12.97570684,77.59382028,21:15:00,4
R5A_0056,KA-01-AB-0104,13-11-2025 21:43,12.97750587,77.59644629,21:25:00,18
R5A_0056,KA-01-AB-0104,13-11-2025 21:52,12.9767925,77.60174255,21:35:00,17
R5A_0056,KA-01-AB-0104,13-11-2025 21:50,12.99121225,77.61721635,21:45:00,5
R5A_0056,KA-01-AB-0104,13-11-2025 21:57,13.00201049,77.60696614,21:55:00,2
R5A_0057,KA-01-AB-0102,13-11-2025 21:04,12.97,77.59,21:00:00,4
R5A_0057,KA-01-AB-0102,13-11-2025 21:29,12.97404719,77.59397277,21:10:00,19
R5A_0057,KA-01-AB-0102,13-11-2025 21:41,12.9750122,77.59632608,21:20:00,21
R5A_0057,KA-01-AB-0102,13-11-2025 21:55,12.98195843,77.60088659,21:30:00,25
R5A_0057,KA-01-AB-0102,13-11-2025 21:40,12.98860076,77.60688841,21:40:00,0
R5A_0057,KA-01-AB-0102,13-11-2025 21:51,12.99188884,77.60196321,21:50:00,1
R5A_0057,KA-01-AB-0102,13-11-2025 22:05,12.97865909,77.60837367,22:00:00,5
R5A_0057,KA-01-AB-0102,13-11-2025 22:10,13.0019574,77.61916058,22:10:00,0
R5A_0058,KA-01-AB-0104,13-11-2025 21:18,12.97,77.59,21:15:00,3
R5A_0058,KA-01-AB-0104,13-11-2025 21:41,12.97203639,77.59462127,21:25:00,16
R5A_0058,KA-01-AB-0104,13-11-2025 21:57,12.97882856,77.59985354,21:35:00,22
R5A_0058,KA-01-AB-0104,13-11-2025 21:46,12.98089829,77.59687495,21:45:00,1
R5A_0058,KA-01-AB-0104,13-11-2025 22:00,12.98679477,77.60449341,21:55:00,5
R5A_0058,KA-01-AB-0104,13-11-2025 22:27,12.99047132,77.59614995,22:05:00,22
R5A_0058,KA-01-AB-0104,13-11-2025 22:20,12.97692549,77.61749953,22:15:00,5
R5A_0058,KA-01-AB-0104,13-11-2025 22:29,13.00385869,77.60298095,22:25:00,4
R5A_0059,KA-01-AB-0104,13-11-2025 21:32,12.97,77.59,21:30:00,2
R5A_0059,KA-01-AB-0104,13-11-2025 21:45,12.97306242,77.59218664,21:40:00,5
R5A_0059,KA-01-AB-0104,13-11-2025 21:54,12.97462474,77.59381845,21:50:00,4
R5A_0059,KA-01-AB-0104,13-11-2025 22:16,12.97896709,77.59880173,22:00:00,16
R5A_0059,KA-01-AB-0104,13-11-2025 22:13,12.98457872,77.60787525,22:10:00,3
R5A_0059,KA-01-AB-0104,13-11-2025 22:34,12.97505369,77.60372211,22:20:00,14
R5A_0059,KA-01-AB-0104,13-11-2025 22:30,12.98058485,77.60061469,22:30:00,0
R5A_0059,KA-01-AB-0104,13-11-2025 23:03,12.98030509,77.61759059,22:40:00,23
R7C_0060,KA-01-AB-0102,13-11-2025 21:50,12.97,77.59,21:45:00,5
R7C_0060,KA-01-AB-0102,13-11-2025 21:55,12.97444313,77.59431418,21:55:00,0
R7C_0060,KA-01-AB-0102,13-11-2025 22:09,12.97757349,77.59242831,22:05:00,4
R7C_0060,KA-01-AB-0102,13-11-2025 22:17,12.98261473,77.6013875,22:15:00,2
R7C_0060,KA-01-AB-0102,13-11-2025 22:26,12.98071233,77.60057023,22:25:00,1
R7C_0060,KA-01-AB-0102,13-11-2025 22:38,12.99404756,77.60163545,22:35:00,3
R7C_0060,KA-01-AB-0102,13-11-2025 23:03,12.98340802,77.61972813,22:45:00,18
R7C_0060,KA-01-AB-0102,13-11-2025 23:05,12.98124266,77.59856574,22:55:00,10
R7C_0061,KA-01-AB-0105,13-11-2025 22:03,12.97,77.59,22:00:00,3
R7C_0061,KA-01-AB-0105,13-11-2025 22:12,12.9745617,77.59253899,22:10:00,2
R7C_0061,KA-01-AB-0105,13-11-2025 22:44,12.97914444,77.5963108,22:20:00,24
R7C_0061,KA-01-AB-0105,13-11-2025 22:31,12.98332223,77.60040818,22:30:00,1
R7C_0061,KA-01-AB-0105,13-11-2025 22:41,12.98677621,77.6075025,22:40:00,1
R7C_0061,KA-01-AB-0105,13-11-2025 22:51,12.99358254,77.60693529,22:50:00,1
R7C_0061,KA-01-AB-0105,13-11-2025 23:05,12.99563631,77.60500074,23:00:00,5
R7C_0061,KA-01-AB-0105,13-11-2025 23:14,12.98798565,77.61346375,23:10:00,4
R5A_0062,KA-01-AB-0101,13-11-2025 22:20,12.97,77.59,22:15:00,5
R5A_0062,KA-01-AB-0101,13-11-2025 22:30,12.97367124,77.59478324,22:25:00,5
R5A_0062,KA-01-AB-0101,13-11-2025 22:38,12.97510665,77.59966786,22:35:00,3
R5A_0062,KA-01-AB-0101,13-11-2025 22:55,12.97609233,77.60157924,22:45:00,10
R5A_0062,KA-01-AB-0101,13-11-2025 22:58,12.97877195,77.60391179,22:55:00,3
R5A_0062,KA-01-AB-0101,13-11-2025 23:19,12.97510803,77.60892462,23:05:00,14
R5A_0062,KA-01-AB-0101,13-11-2025 23:16,12.98410542,77.60709857,23:15:00,1
R5A_0062,KA-01-AB-0101,13-11-2025 23:25,12.98229749,77.60036203,23:25:00,0
R5A_0063,KA-01-AB-0105,13-11-2025 22:32,12.97,77.59,22:30:00,2
R5A_0063,KA-01-AB-0105,13-11-2025 23:02,12.97204734,77.59455715,22:40:00,22
R5A_0063,KA-01-AB-0105,13-11-2025 23:10,12.97590669,77.59285005,22:50:00,20
R5A_0063,KA-01-AB-0105,13-11-2025 23:00,12.97492584,77.59759016,23:00:00,0
R5A_0063,KA-01-AB-0105,13-11-2025 23:14,12.98642846,77.60030573,23:10:00,4
R5A_0063,KA-01-AB-0105,13-11-2025 23:24,12.98919685,77.60807869,23:20:00,4
R5A_0063,KA-01-AB-0105,13-11-2025 23:34,12.99319284,77.61413131,23:30:00,4
R5A_0063,KA-01-AB-0105,13-11-2025 23:45,12.99000339,77.62280298,23:40:00,5
R5A_0064,KA-01-AB-0101,13-11-2025 22:50,12.97,77.59,22:45:00,5
R5A_0064,KA-01-AB-0101,13-11-2025 23:08,12.97153631,77.5920428,22:55:00,13
R5A_0064,KA-01-AB-0101,13-11-2025 23:09,12.97437037,77.59403228,23:05:00,4
R5A_0064,KA-01-AB-0101,13-11-2025 23:20,12.97996669,77.60210393,23:15:00,5
R5A_0064,KA-01-AB-0101,13-11-2025 23:37,12.9780876,77.60836354,23:25:00,12
R5A_0064,KA-01-AB-0101,13-11-2025 23:37,12.99227062,77.60461369,23:35:00,2
R5A_0064,KA-01-AB-0101,13-11-2025 23:45,12.98222281,77.61586387,23:45:00,0
R5A_0064,KA-01-AB-0101,14-11-2025 00:11,12.98608962,77.6092412,23:55:00,16
R7C_0065,KA-01-AB-0103,13-11-2025 23:01,12.97,77.59,23:00:00,1
R7C_0065,KA-01-AB-0103,13-11-2025 23:14,12.97131673,77.59159167,23:10:00,4
R7C_0065,KA-01-AB-0103,13-11-2025 23:20,12.97754586,77.59298348,23:20:00,0
R7C_0065,KA-01-AB-0103,13-11-2025 23:31,12.98242811,77.60201485,23:30:00,1
R7C_0065,KA-01-AB-0103,13-11-2025 23:57,12.98890335,77.59726235,23:40:00,17
R7C_0065,KA-01-AB-0103,13-11-2025 23:54,12.98231903,77.59690629,23:50:00,4
R7C_0065,KA-01-AB-0103,14-11-2025 00:00,12.98339606,77.60977837,00:00:00,0
R7C_0065,KA-01-AB-0103,14-11-2025 00:10,12.98173128,77.60713044,00:10:00,0
R5A_0066,KA-01-AB-0101,13-11-2025 23:37,12.97,77.59,23:15:00,22
R5A_0066,KA-01-AB-0101,13-11-2025 23:25,12.97401739,77.59234375,23:25:00,0
R5A_0066,KA-01-AB-0101,13-11-2025 23:37,12.97970354,77.59200307,23:35:00,2
R5A_0066,KA-01-AB-0101,14-11-2025 00:04,12.97698216,77.60415836,23:45:00,19
R5A_0066,KA-01-AB-0101,13-11-2025 23:56,12.9800716,77.59425529,23:55:00,1
R5A_0066,KA-01-AB-0101,14-11-2025 00:09,12.97794735,77.61472121,00:05:00,4
R5A_0066,KA-01-AB-0101,14-11-2025 00:17,12.99600793,77.59603192,00:15:00,2
R5A_0066,KA-01-AB-0101,14-11-2025 00:25,12.98791483,77.61361229,00:25:00,0
R7C_0067,KA-01-AB-0104,13-11-2025 23:55,12.97,77.59,23:30:00,25
R7C_0067,KA-01-AB-0104,13-11-2025 23:40,12.97225802,77.59247244,23:40:00,0
R7C_0067,KA-01-AB-0104,14-11-2025 00:10,12.97581596,77.59465256,23:50:00,20
R7C_0067,KA-01-AB-0104,14-11-2025 00:01,12.97593444,77.60328346,00:00:00,1
R7C_0067,KA-01-AB-0104,14-11-2025 00:12,12.98886862,77.59814459,00:10:00,2
R7C_0067,KA-01-AB-0104,14-11-2025 00:21,12.99120511,77.60039724,00:20:00,1
R7C_0067,KA-01-AB-0104,14-11-2025 00:31,12.99149328,77.6012867,00:30:00,1
R7C_0067,KA-01-AB-0104,14-11-2025 00:45,13.00463392,77.60654817,00:40:00,5
R7C_0068,KA-01-AB-0105,13-11-2025 23:50,12.97,77.59,23:45:00,5
R7C_0068,KA-01-AB-0105,13-11-2025 23:59,12.97343055,77.59141667,23:55:00,4
R7C_0068,KA-01-AB-0105,14-11-2025 00:10,12.97302038,77.59359065,00:05:00,5
R7C_0068,KA-01-AB-0105,14-11-2025 00:16,12.9788217,77.60109445,00:15:00,1
R7C_0068,KA-01-AB-0105,14-11-2025 00:46,12.985124,77.59807583,00:25:00,21
R7C_0068,KA-01-AB-0105,14-11-2025 00:37,12.98295378,77.60313512,00:35:00,2
R7C_0068,KA-01-AB-0105,14-11-2025 00:48,12.99688675,77.60736297,00:45:00,3
R7C_0068,KA-01-AB-0105,14-11-2025 01:20,12.98344472,77.60247909,00:55:00,25
R5A_0069,KA-01-AB-0105,14-11-2025 00:02,12.97,77.59,00:00:00,2
R5A_0069,KA-01-AB-0105,14-11-2025 00:15,12.97113632,77.59317275,00:10:00,5
R5A_0069,KA-01-AB-0105,14-11-2025 00:37,12.9758186,77.59689546,00:20:00,17
R5A_0069,KA-01-AB-0105,14-11-2025 00:32,12.9835233,77.59534641,00:30:00,2
R5A_0069,KA-01-AB-0105,14-11-2025 00:50,12.98521976,77.60669786,00:40:00,10
R5A_0069,KA-01-AB-0105,14-11-2025 00:52,12.99151271,77.6108199,00:50:00,2
R5A_0069,KA-01-AB-0105,14-11-2025 01:05,12.99738113,77.60991975,01:00:00,5
R5A_0069,KA-01-AB-0105,14-11-2025 01:11,12.99331503,77.61048711,01:10:00,1
R5A_0070,KA-01-AB-0103,14-11-2025 00:38,12.97,77.59,00:15:00,23
R5A_0070,KA-01-AB-0103,14-11-2025 00:30,12.97250113,77.59165675,00:25:00,5
R5A_0070,KA-01-AB-0103,14-11-2025 00:57,12.97792594,77.59895121,00:35:00,22
R5A_0070,KA-01-AB-0103,14-11-2025 00:45,12.97676688,77.59962,00:45:00,0
R5A_0070,KA-01-AB-0103,14-11-2025 01:10,12.9847948,77.60752884,00:55:00,15
R5A_0070,KA-01-AB-0103,14-11-2025 01:26,12.98930574,77.60658748,01:05:00,21
R5A_0070,KA-01-AB-0103,14-11-2025 01:20,12.98599615,77.61859611,01:15:00,5
R5A_0070,KA-01-AB-0103,14-11-2025 01:28,12.99475091,77.6014517,01:25:00,3
R5A_0071,KA-01-AB-0103,14-11-2025 00:33,12.97,77.59,00:30:00,3
R5A_0071,KA-01-AB-0103,14-11-2025 00:41,12.97318704,77.59300464,00:40:00,1
R5A_0071,KA-01-AB-0103,14-11-2025 00:50,12.97719525,77.59413896,00:50:00,0
R5A_0071,KA-01-AB-0103,14-11-2025 01:00,12.98221939,77.60245814,01:00:00,0
R5A_0071,KA-01-AB-0103,14-11-2025 01:14,12.97675533,77.595645,01:10:00,4
R5A_0071,KA-01-AB-0103,14-11-2025 01:23,12.9794523,77.60961978,01:20:00,3
R5A_0071,KA-01-AB-0103,14-11-2025 01:49,12.98055594,77.61310003,01:30:00,19
R5A_0071,KA-01-AB-0103,14-11-2025 01:57,12.99485127,77.60694026,01:40:00,17
R7C_0072,KA-01-AB-0102,14-11-2025 00:45,12.97,77.59,00:45:00,0
R7C_0072,KA-01-AB-0102,14-11-2025 00:59,12.9734506,77.59373199,00:55:00,4
R7C_0072,KA-01-AB-0102,14-11-2025 01:10,12.97630844,77.59383653,01:05:00,5
R7C_0072,KA-01-AB-0102,14-11-2025 01:20,12.97708377,77.59986607,01:15:00,5
R7C_0072,KA-01-AB-0102,14-11-2025 01:28,12.98049629,77.60843794,01:25:00,3
R7C_0072,KA-01-AB-0102,14-11-2025 01:53,12.97622127,77.60507475,01:35:00,18
R7C_0072,KA-01-AB-0102,14-11-2025 01:45,12.98407873,77.60017408,01:45:00,0
R7C_0072,KA-01-AB-0102,14-11-2025 01:58,12.98762532,77.62340071,01:55:00,3
R5A_0073,KA-01-AB-0105,14-11-2025 01:01,12.97,77.59,01:00:00,1
R5A_0073,KA-01-AB-0105,14-11-2025 01:31,12.9715934,77.59362787,01:10:00,21
R5A_0073,KA-01-AB-0105,14-11-2025 01:35,12.97715648,77.59402664,01:20:00,15
R5A_0073,KA-01-AB-0105,14-11-2025 01:30,12.97426517,77.59573083,01:30:00,0
R5A_0073,KA-01-AB-0105,14-11-2025 02:02,12.98157223,77.60730949,01:40:00,22
R5A_0073,KA-01-AB-0105,14-11-2025 01:52,12.98118721,77.59957774,01:50:00,2
R5A_0073,KA-01-AB-0105,14-11-2025 02:05,12.991927,77.60753358,02:00:00,5
R5A_0073,KA-01-AB-0105,14-11-2025 02:20,12.98569059,77.60869382,02:10:00,10
R5A_0074,KA-01-AB-0103,14-11-2025 01:20,12.97,77.59,01:15:00,5
R5A_0074,KA-01-AB-0103,14-11-2025 01:26,12.97184062,77.59430322,01:25:00,1
R5A_0074,KA-01-AB-0103,14-11-2025 01:35,12.97750501,77.59408404,01:35:00,0
R5A_0074,KA-01-AB-0103,14-11-2025 01:49,12.98255956,77.59803526,01:45:00,4
R5A_0074,KA-01-AB-0103,14-11-2025 02:06,12.98996492,77.60791533,01:55:00,11
R5A_0074,KA-01-AB-0103,14-11-2025 02:10,12.99121308,77.60850131,02:05:00,5
R5A_0074,KA-01-AB-0103,14-11-2025 02:18,12.98580857,77.61039033,02:15:00,3
R5A_0074,KA-01-AB-0103,14-11-2025 02:29,13.00363858,77.61489752,02:25:00,4
R5A_0075,KA-01-AB-0101,14-11-2025 01:30,12.97,77.59,01:30:00,0
R5A_0075,KA-01-AB-0101,14-11-2025 01:43,12.97217231,77.59150465,01:40:00,3
R5A_0075,KA-01-AB-0101,14-11-2025 01:54,12.97207986,77.59683689,01:50:00,4
R5A_0075,KA-01-AB-0101,14-11-2025 02:02,12.97665598,77.593288,02:00:00,2
R5A_0075,KA-01-AB-0101,14-11-2025 02:24,12.98920043,77.60658122,02:10:00,14
R5A_0075,KA-01-AB-0101,14-11-2025 02:23,12.97676272,77.60589987,02:20:00,3
R5A_0075,KA-01-AB-0101,14-11-2025 02:35,12.99976559,77.6166087,02:30:00,5
R5A_0075,KA-01-AB-0101,14-11-2025 02:59,12.98764743,77.60162944,02:40:00,19
R7C_0076,KA-01-AB-0103,14-11-2025 01:46,12.97,77.59,01:45:00,1
R7C_0076,KA-01-AB-0103,14-11-2025 01:55,12.97142776,77.59369663,01:55:00,0
R7C_0076,KA-01-AB-0103,14-11-2025 02:05,12.97750693,77.59633218,02:05:00,0
R7C_0076,KA-01-AB-0103,14-11-2025 02:16,12.97495106,77.59378456,02:15:00,1
R7C_0076,KA-01-AB-0103,14-11-2025 02:41,12.9748234,77.60620137,02:25:00,16
R7C_0076,KA-01-AB-0103,14-11-2025 02:37,12.98289417,77.59842707,02:35:00,2
R7C_0076,KA-01-AB-0103,14-11-2025 02:47,12.98162556,77.59642909,02:45:00,2
R7C_0076,KA-01-AB-0103,14-11-2025 02:55,12.97859654,77.62221988,02:55:00,0
R12B_0077,KA-01-AB-0104,14-11-2025 02:04,12.97,77.59,02:00:00,4
R12B_0077,KA-01-AB-0104,14-11-2025 02:12,12.97435914,77.59325287,02:10:00,2
R12B_0077,KA-01-AB-0104,14-11-2025 02:39,12.97743533,77.59695028,02:20:00,19
R12B_0077,KA-01-AB-0104,14-11-2025 02:30,12.98023218,77.60446488,02:30:00,0
R12B_0077,KA-01-AB-0104,14-11-2025 02:43,12.98829336,77.59811437,02:40:00,3
R12B_0077,KA-01-AB-0104,14-11-2025 03:11,12.98145433,77.60669197,02:50:00,21
R12B_0077,KA-01-AB-0104,14-11-2025 03:04,12.98803209,77.60672639,03:00:00,4
R12B_0077,KA-01-AB-0104,14-11-2025 03:11,13.00403923,77.61034907,03:10:00,1
R5A_0078,KA-01-AB-0104,14-11-2025 02:18,12.97,77.59,02:15:00,3
R5A_0078,KA-01-AB-0104,14-11-2025 02:28,12.97327316,77.59471046,02:25:00,3
R5A_0078,KA-01-AB-0104,14-11-2025 02:57,12.97787653,77.59282457,02:35:00,22
R5A_0078,KA-01-AB-0104,14-11-2025 02:50,12.98204177,77.59532507,02:45:00,5
R5A_0078,KA-01-AB-0104,14-11-2025 03:17,12.98163093,77.59808485,02:55:00,22
R5A_0078,KA-01-AB-0104,14-11-2025 03:26,12.98767547,77.60319766,03:05:00,21
R5A_0078,KA-01-AB-0104,14-11-2025 03:39,12.99537318,77.60956764,03:15:00,24
R5A_0078,KA-01-AB-0104,14-11-2025 03:25,12.98214964,77.61462112,03:25:00,0
R12B_0079,KA-01-AB-0104,14-11-2025 02:34,12.97,77.59,02:30:00,4
R12B_0079,KA-01-AB-0104,14-11-2025 02:42,12.9743692,77.59153132,02:40:00,2
R12B_0079,KA-01-AB-0104,14-11-2025 03:12,12.97618858,77.59594063,02:50:00,22
R12B_0079,KA-01-AB-0104,14-11-2025 03:24,12.97674188,77.59576502,03:00:00,24
R12B_0079,KA-01-AB-0104,14-11-2025 03:28,12.97411017,77.60360361,03:10:00,18
R12B_0079,KA-01-AB-0104,14-11-2025 03:21,12.97664383,77.61427814,03:20:00,1
R12B_0079,KA-01-AB-0104,14-11-2025 03:50,12.97837153,77.61815776,03:30:00,20
R12B_0079,KA-01-AB-0104,14-11-2025 03:43,13.00404613,77.59911322,03:40:00,3
R7C_0080,KA-01-AB-0105,14-11-2025 03:02,12.97,77.59,02:45:00,17
R7C_0080,KA-01-AB-0105,14-11-2025 03:00,12.97229383,77.59126082,02:55:00,5
R7C_0080,KA-01-AB-0105,14-11-2025 03:08,12.97487865,77.59508179,03:05:00,3
R7C_0080,KA-01-AB-0105,14-11-2025 03:19,12.97444665,77.60344167,03:15:00,4
R7C_0080,KA-01-AB-0105,14-11-2025 03:28,12.97825287,77.60693003,03:25:00,3
R7C_0080,KA-01-AB-0105,14-11-2025 03:48,12.97692896,77.6011136,03:35:00,13
R7C_0080,KA-01-AB-0105,14-11-2025 03:57,12.99741914,77.60683569,03:45:00,12
R7C_0080,KA-01-AB-0105,14-11-2025 04:17,12.99145831,77.61974365,03:55:00,22
R5A_0081,KA-01-AB-0101,14-11-2025 03:24,12.97,77.59,03:00:00,24
R5A_0081,KA-01-AB-0101,14-11-2025 03:13,12.97144602,77.59411988,03:10:00,3
R5A_0081,KA-01-AB-0101,14-11-2025 03:33,12.97907666,77.5982537,03:20:00,13
R5A_0081,KA-01-AB-0101,14-11-2025 03:44,12.97499123,77.59513784,03:30:00,14
R5A_0081,KA-01-AB-0101,14-11-2025 03:41,12.98825351,77.59872153,03:40:00,1
R5A_0081,KA-01-AB-0101,14-11-2025 04:15,12.97564098,77.61381784,03:50:00,25
R5A_0081,KA-01-AB-0101,14-11-2025 04:01,12.99029533,77.60198032,04:00:00,1
R5A_0081,KA-01-AB-0101,14-11-2025 04:29,12.99535351,77.61029609,04:10:00,19
R12B_0082,KA-01-AB-0103,14-11-2025 03:18,12.97,77.59,03:15:00,3
R12B_0082,KA-01-AB-0103,14-11-2025 03:26,12.97419131,77.59437168,03:25:00,1
R12B_0082,KA-01-AB-0103,14-11-2025 03:58,12.97561651,77.59526533,03:35:00,23
R12B_0082,KA-01-AB-0103,14-11-2025 03:48,12.97970467,77.59479405,03:45:00,3
R12B_0082,KA-01-AB-0103,14-11-2025 03:59,12.98143577,77.60071679,03:55:00,4
R12B_0082,KA-01-AB-0103,14-11-2025 04:09,12.98197654,77.60759799,04:05:00,4
R12B_0082,KA-01-AB-0103,14-11-2025 04:19,12.99335019,77.60150471,04:15:00,4
R12B_0082,KA-01-AB-0103,14-11-2025 04:30,12.99202157,77.61340778,04:25:00,5
R7C_0083,KA-01-AB-0101,14-11-2025 03:34,12.97,77.59,03:30:00,4
R7C_0083,KA-01-AB-0101,14-11-2025 03:40,12.97367857,77.59134887,03:40:00,0
R7C_0083,KA-01-AB-0101,14-11-2025 03:51,12.97576074,77.59563174,03:50:00,1
R7C_0083,KA-01-AB-0101,14-11-2025 04:04,12.97551458,77.59678375,04:00:00,4
R7C_0083,KA-01-AB-0101,14-11-2025 04:13,12.97861678,77.60112551,04:10:00,3
R7C_0083,KA-01-AB-0101,14-11-2025 04:35,12.9851463,77.59553983,04:20:00,15
R7C_0083,KA-01-AB-0101,14-11-2025 04:35,12.99781042,77.60015984,04:30:00,5
R7C_0083,KA-01-AB-0101,14-11-2025 04:40,13.0016054,77.61998319,04:40:00,0
R12B_0084,KA-01-AB-0101,14-11-2025 03:48,12.97,77.59,03:45:00,3
R12B_0084,KA-01-AB-0101,14-11-2025 03:59,12.97189656,77.59107923,03:55:00,4
R12B_0084,KA-01-AB-0101,14-11-2025 04:23,12.97581807,77.59671669,04:05:00,18
R12B_0084,KA-01-AB-0101,14-11-2025 04:15,12.97708787,77.59811448,04:15:00,0
R12B_0084,KA-01-AB-0101,14-11-2025 04:26,12.97887099,77.60150108,04:25:00,1
R12B_0084,KA-01-AB-0101,14-11-2025 04:35,12.9800626,77.61157806,04:35:00,0
R12B_0084,KA-01-AB-0101,14-11-2025 04:45,12.99220755,77.59723959,04:45:00,0
R12B_0084,KA-01-AB-0101,14-11-2025 04:55,12.97951217,77.62101568,04:55:00,0
R12B_0085,KA-01-AB-0102,14-11-2025 04:11,12.97,77.59,04:00:00,11
R12B_0085,KA-01-AB-0102,14-11-2025 04:11,12.97170373,77.59229305,04:10:00,1
R12B_0085,KA-01-AB-0102,14-11-2025 04:39,12.97552632,77.5985323,04:20:00,19
R12B_0085,KA-01-AB-0102,14-11-2025 04:52,12.98449548,77.59397217,04:30:00,22
R12B_0085,KA-01-AB-0102,14-11-2025 04:58,12.98853473,77.5996985,04:40:00,18
R12B_0085,KA-01-AB-0102,14-11-2025 04:52,12.98951028,77.59942858,04:50:00,2
R12B_0085,KA-01-AB-0102,14-11-2025 05:00,12.97608643,77.60399643,05:00:00,0
R12B_0085,KA-01-AB-0102,14-11-2025 05:14,12.99387907,77.6206396,05:10:00,4
R5A_0086,KA-01-AB-0103,14-11-2025 04:37,12.97,77.59,04:15:00,22
R5A_0086,KA-01-AB-0103,14-11-2025 04:25,12.97334177,77.59462261,04:25:00,0
R5A_0086,KA-01-AB-0103,14-11-2025 04:38,12.97264618,77.59889094,04:35:00,3
R5A_0086,KA-01-AB-0103,14-11-2025 04:50,12.98246197,77.60242366,04:45:00,5
R5A_0086,KA-01-AB-0103,14-11-2025 04:58,12.98154589,77.60609125,04:55:00,3
R5A_0086,KA-01-AB-0103,14-11-2025 05:10,12.98413273,77.59853701,05:05:00,5
R5A_0086,KA-01-AB-0103,14-11-2025 05:20,12.97645174,77.59768473,05:15:00,5
R5A_0086,KA-01-AB-0103,14-11-2025 05:47,13.00075478,77.60416646,05:25:00,22
R5A_0087,KA-01-AB-0105,14-11-2025 04:53,12.97,77.59,04:30:00,23
R5A_0087,KA-01-AB-0105,14-11-2025 04:40,12.97237076,77.59129805,04:40:00,0
R5A_0087,KA-01-AB-0105,14-11-2025 04:52,12.97324367,77.595556,04:50:00,2
R5A_0087,KA-01-AB-0105,14-11-2025 05:00,12.9741578,77.59664663,05:00:00,0
R5A_0087,KA-01-AB-0105,14-11-2025 05:12,12.98668834,77.60010086,05:10:00,2
R5A_0087,KA-01-AB-0105,14-11-2025 05:42,12.99312186,77.60909435,05:20:00,22
R5A_0087,KA-01-AB-0105,14-11-2025 05:32,12.99156855,77.6083519,05:30:00,2
R5A_0087,KA-01-AB-0105,14-11-2025 05:44,13.00369306,77.62222352,05:40:00,4
R7C_0088,KA-01-AB-0103,14-11-2025 04:46,12.97,77.59,04:45:00,1
R7C_0088,KA-01-AB-0103,14-11-2025 05:11,12.97295535,77.59404784,04:55:00,16
R7C_0088,KA-01-AB-0103,14-11-2025 05:10,12.97695521,77.59600696,05:05:00,5
R7C_0088,KA-01-AB-0103,14-11-2025 05:18,12.98033995,77.60052999,05:15:00,3
R7C_0088,KA-01-AB-0103,14-11-2025 05:27,12.98316474,77.60717375,05:25:00,2
R7C_0088,KA-01-AB-0103,14-11-2025 05:38,12.98115066,77.60426947,05:35:00,3
R7C_0088,KA-01-AB-0103,14-11-2025 06:00,12.99828773,77.60522602,05:45:00,15
R7C_0088,KA-01-AB-0103,14-11-2025 06:00,12.99480511,77.5976389,05:55:00,5
R5A_0089,KA-01-AB-0102,14-11-2025 05:04,12.97,77.59,05:00:00,4
R5A_0089,KA-01-AB-0102,14-11-2025 05:15,12.97425754,77.59492145,05:10:00,5
R5A_0089,KA-01-AB-0102,14-11-2025 05:24,12.97875119,77.59272148,05:20:00,4
R5A_0089,KA-01-AB-0102,14-11-2025 05:33,12.97700651,77.59517943,05:30:00,3
R5A_0089,KA-01-AB-0102,14-11-2025 05:58,12.9899058,77.5961151,05:40:00,18
R5A_0089,KA-01-AB-0102,14-11-2025 05:50,12.98571824,77.60619933,05:50:00,0
R5A_0089,KA-01-AB-0102,14-11-2025 06:04,12.99713249,77.60717161,06:00:00,4
R5A_0089,KA-01-AB-0102,14-11-2025 06:11,12.98819493,77.62490248,06:10:00,1
R12B_0090,KA-01-AB-0101,14-11-2025 05:39,12.97,77.59,05:15:00,24
R12B_0090,KA-01-AB-0101,14-11-2025 05:28,12.97154398,77.59117997,05:25:00,3
R12B_0090,KA-01-AB-0101,14-11-2025 05:36,12.9770731,77.59977107,05:35:00,1
R12B_0090,KA-01-AB-0101,14-11-2025 05:45,12.97383612,77.60419984,05:45:00,0
R12B_0090,KA-01-AB-0101,14-11-2025 05:59,12.97461217,77.60992277,05:55:00,4
R12B_0090,KA-01-AB-0101,14-11-2025 06:07,12.98783281,77.6129359,06:05:00,2
R12B_0090,KA-01-AB-0101,14-11-2025 06:38,12.99369191,77.60475893,06:15:00,23
R12B_0090,KA-01-AB-0101,14-11-2025 06:49,12.98162586,77.61880615,06:25:00,24
R5A_0091,KA-01-AB-0101,14-11-2025 05:33,12.97,77.59,05:30:00,3
R5A_0091,KA-01-AB-0101,14-11-2025 05:44,12.97255585,77.59446344,05:40:00,4
R5A_0091,KA-01-AB-0101,14-11-2025 05:53,12.97697073,77.59922295,05:50:00,3
R5A_0091,KA-01-AB-0101,14-11-2025 06:04,12.97605264,77.60433056,06:00:00,4
R5A_0091,KA-01-AB-0101,14-11-2025 06:26,12.97429889,77.59711432,06:10:00,16
R5A_0091,KA-01-AB-0101,14-11-2025 06:20,12.9760166,77.60258467,06:20:00,0
R5A_0091,KA-01-AB-0101,14-11-2025 06:34,12.98865427,77.59926817,06:30:00,4
R5A_0091,KA-01-AB-0101,14-11-2025 06:42,12.98859761,77.60636185,06:40:00,2
R5A_0092,KA-01-AB-0105,14-11-2025 05:46,12.97,77.59,05:45:00,1
R5A_0092,KA-01-AB-0105,14-11-2025 05:57,12.97488514,77.59340765,05:55:00,2
R5A_0092,KA-01-AB-0105,14-11-2025 06:22,12.97833457,77.59830935,06:05:00,17
R5A_0092,KA-01-AB-0105,14-11-2025 06:16,12.97925669,77.59565271,06:15:00,1
R5A_0092,KA-01-AB-0105,14-11-2025 06:35,12.97583942,77.59801839,06:25:00,10
R5A_0092,KA-01-AB-0105,14-11-2025 06:40,12.98424918,77.61161264,06:35:00,5
R5A_0092,KA-01-AB-0105,14-11-2025 06:47,12.98970806,77.60275063,06:45:00,2
R5A_0092,KA-01-AB-0105,14-11-2025 07:11,12.98619486,77.5970966,06:55:00,16
R7C_0093,KA-01-AB-0104,14-11-2025 06:10,12.97,77.59,06:00:00,10
R7C_0093,KA-01-AB-0104,14-11-2025 06:10,12.97323121,77.59406405,06:10:00,0
R7C_0093,KA-01-AB-0104,14-11-2025 06:23,12.97834842,77.59310991,06:20:00,3
R7C_0093,KA-01-AB-0104,14-11-2025 06:32,12.9751687,77.59333055,06:30:00,2
R7C_0093,KA-01-AB-0104,14-11-2025 06:44,12.9830796,77.60434644,06:40:00,4
R7C_0093,KA-01-AB-0104,14-11-2025 07:03,12.98536168,77.60347322,06:50:00,13
R7C_0093,KA-01-AB-0104,14-11-2025 07:01,12.98216,77.61363825,07:00:00,1
R7C_0093,KA-01-AB-0104,14-11-2025 07:25,12.98762199,77.62152795,07:10:00,15
R5A_0094,KA-01-AB-0104,14-11-2025 06:18,12.97,77.59,06:15:00,3
R5A_0094,KA-01-AB-0104,14-11-2025 06:28,12.97305957,77.59162494,06:25:00,3
R5A_0094,KA-01-AB-0104,14-11-2025 06:35,12.97418152,77.59578001,06:35:00,0
R5A_0094,KA-01-AB-0104,14-11-2025 07:00,12.97352331,77.60300603,06:45:00,15
R5A_0094,KA-01-AB-0104,14-11-2025 06:56,12.98367284,77.6090259,06:55:00,1
R5A_0094,KA-01-AB-0104,14-11-2025 07:05,12.97542105,77.60259743,07:05:00,0
R5A_0094,KA-01-AB-0104,14-11-2025 07:25,12.98828041,77.61923828,07:15:00,10
R5A_0094,KA-01-AB-0104,14-11-2025 07:30,12.98455534,77.60149475,07:25:00,5
R7C_0095,KA-01-AB-0104,14-11-2025 06:35,12.97,77.59,06:30:00,5
R7C_0095,KA-01-AB-0104,14-11-2025 06:41,12.97106399,77.59234677,06:40:00,1
R7C_0095,KA-01-AB-0104,14-11-2025 06:50,12.97889882,77.59225193,06:50:00,0
R7C_0095,KA-01-AB-0104,14-11-2025 07:14,12.981878,77.59635681,07:00:00,14
R7C_0095,KA-01-AB-0104,14-11-2025 07:34,12.98500075,77.60159033,07:10:00,24
R7C_0095,KA-01-AB-0104,14-11-2025 07:25,12.99337221,77.6112658,07:20:00,5
R7C_0095,KA-01-AB-0104,14-11-2025 07:34,12.98801855,77.60501085,07:30:00,4
R7C_0095,KA-01-AB-0104,14-11-2025 07:55,12.98082332,77.60996399,07:40:00,15
R12B_0096,KA-01-AB-0105,14-11-2025 07:03,12.97,77.59,06:45:00,18
R12B_0096,KA-01-AB-0105,14-11-2025 06:55,12.97242512,77.59244409,06:55:00,0
R12B_0096,KA-01-AB-0105,14-11-2025 07:08,12.9791772,77.59245789,07:05:00,3
R12B_0096,KA-01-AB-0105,14-11-2025 07:17,12.98049438,77.59939975,07:15:00,2
R12B_0096,KA-01-AB-0105,14-11-2025 07:44,12.97429139,77.60571396,07:25:00,19
R12B_0096,KA-01-AB-0105,14-11-2025 07:39,12.99332547,77.6011673,07:35:00,4
R12B_0096,KA-01-AB-0105,14-11-2025 07:45,12.98101182,77.60557941,07:45:00,0
R12B_0096,KA-01-AB-0105,14-11-2025 07:58,12.97764571,77.60348703,07:55:00,3
R7C_0097,KA-01-AB-0105,14-11-2025 07:00,12.97,77.59,07:00:00,0
R7C_0097,KA-01-AB-0105,14-11-2025 07:10,12.97267294,77.59354518,07:10:00,0
R7C_0097,KA-01-AB-0105,14-11-2025 07:25,12.97249267,77.59341113,07:20:00,5
R7C_0097,KA-01-AB-0105,14-11-2025 07:55,12.97388428,77.60469478,07:30:00,25
R7C_0097,KA-01-AB-0105,14-11-2025 07:45,12.98480746,77.60453768,07:40:00,5
R7C_0097,KA-01-AB-0105,14-11-2025 08:04,12.97947141,77.61281168,07:50:00,14
R7C_0097,KA-01-AB-0105,14-11-2025 08:01,12.9772634,77.61336593,08:00:00,1
R7C_0097,KA-01-AB-0105,14-11-2025 08:15,12.98962347,77.60879287,08:10:00,5
R7C_0098,KA-01-AB-0101,14-11-2025 07:17,12.97,77.59,07:15:00,2
R7C_0098,KA-01-AB-0101,14-11-2025 07:29,12.97205567,77.59318965,07:25:00,4
R7C_0098,KA-01-AB-0101,14-11-2025 07:38,12.97362244,77.59716515,07:35:00,3
R7C_0098,KA-01-AB-0101,14-11-2025 08:01,12.97553045,77.59401983,07:45:00,16
R7C_0098,KA-01-AB-0101,14-11-2025 07:55,12.98582983,77.60624756,07:55:00,0
R7C_0098,KA-01-AB-0101,14-11-2025 08:16,12.99084881,77.6114729,08:05:00,11
R7C_0098,KA-01-AB-0101,14-11-2025 08:35,12.98964577,77.60451233,08:15:00,20
R7C_0098,KA-01-AB-0101,14-11-2025 08:27,12.99477368,77.60678315,08:25:00,2
R5A_0099,KA-01-AB-0105,14-11-2025 07:31,12.97,77.59,07:30:00,1
R5A_0099,KA-01-AB-0105,14-11-2025 07:58,12.97192514,77.5922402,07:40:00,18
R5A_0099,KA-01-AB-0105,14-11-2025 07:52,12.97779023,77.59948002,07:50:00,2
R5A_0099,KA-01-AB-0105,14-11-2025 08:04,12.98179995,77.59846304,08:00:00,4
R5A_0099,KA-01-AB-0105,14-11-2025 08:10,12.98445836,77.59477017,08:10:00,0
R5A_0099,KA-01-AB-0105,14-11-2025 08:23,12.9945861,77.59553192,08:20:00,3
R5A_0099,KA-01-AB-0105,14-11-2025 08:34,12.98635788,77.59764515,08:30:00,4
R5A_0099,KA-01-AB-0105,14-11-2025 08:40,12.98879099,77.61945737,08:40:00,0
R7C_0100,KA-01-AB-0104,14-11-2025 07:50,12.97,77.59,07:45:00,5
R7C_0100,KA-01-AB-0104,14-11-2025 08:00,12.97366286,77.59267977,07:55:00,5
R7C_0100,KA-01-AB-0104,14-11-2025 08:06,12.97497298,77.59643121,08:05:00,1
R7C_0100,KA-01-AB-0104,14-11-2025 08:16,12.97338638,77.6027036,08:15:00,1
R7C_0100,KA-01-AB-0104,14-11-2025 08:49,12.97565402,77.59603822,08:25:00,24
R7C_0100,KA-01-AB-0104,14-11-2025 08:39,12.99316065,77.61104723,08:35:00,4
R7C_0100,KA-01-AB-0104,14-11-2025 09:01,12.98385889,77.61869284,08:45:00,16
R7C_0100,KA-01-AB-0104,14-11-2025 08:57,12.99654628,77.59889414,08:55:00,2
